idx,sentiment,bleu,meteor,rouge1,rouge2,rougeL
0,neg,0.0015917941621496445,0.08333333333333334,0.0425531914893617,0.0,0.03191489361702128
1,neg,0.00247404012277847,0.05649717514124295,0.015873015873015872,0.0,0.015873015873015872
2,neg,0.0026903695637075687,0.08908685968819599,0.015503875968992248,0.0,0.015503875968992248
3,neg,0.002005330927721683,0.05830903790087464,0.03529411764705882,0.011904761904761904,0.03529411764705882
4,neg,0.002039011757236881,0.04761904761904762,0.02877697841726618,0.0,0.02877697841726618
5,neg,0.05287917835154752,0.3715187732551585,0.0,0.0,0.0
6,neg,0.0026439589175773753,0.046153846153846156,0.07228915662650601,0.0,0.060240963855421686
7,neg,0.1471251863049802,0.6260076335484669,0.02285714285714286,0.0,0.02285714285714286
8,neg,0.05184689965818618,0.364105504587156,0.0,0.0,0.0
9,neg,0.003559199852126828,0.08181046195652174,0.041666666666666664,0.0,0.03125
10,neg,0.0015931122529171788,0.07900677200902935,0.011049723756906077,0.0,0.011049723756906077
11,neg,0.0020377360500218643,0.054644808743169404,0.0,0.0,0.0
12,neg,0.002965924699400695,0.111044776119403,0.02072538860103627,0.0,0.02072538860103627
13,neg,0.02687755039349189,0.2691891891891892,0.0,0.0,0.0
14,neg,0.12711667236728771,0.572046313799622,0.08955223880597014,0.0,0.059701492537313425
15,neg,0.24023423037157773,0.756796488656372,0.014492753623188406,0.0,0.014492753623188406
16,neg,0.39554592316300896,0.8513178325136863,0.023255813953488372,0.0,0.023255813953488372
17,neg,0.0025453897553212286,0.04784688995215312,0.0,0.0,0.0
18,neg,0.19506822866482293,0.7134931723984079,0.029629629629629634,0.0,0.029629629629629634
19,neg,0.002118069797864318,0.01612903225806452,0.0,0.0,0.0
20,neg,0.0013563428608155427,0.07990867579908675,0.0,0.0,0.0
21,neg,0.002594445031287883,0.04322766570605187,0.0,0.0,0.0
22,neg,0.002200210588625318,0.05338078291814947,0.0,0.0,0.0
23,neg,0.002627262769368812,0.03246753246753247,0.0,0.0,0.0
24,neg,0.0016785435752335158,0.04672897196261683,0.0,0.0,0.0
25,neg,0.1426053734864245,0.6135090643402511,0.0099009900990099,0.0,0.0099009900990099
26,neg,0.07932045646636253,0.41821779850307617,0.011764705882352943,0.0,0.011764705882352943
27,neg,0.0026998165169635833,0.04608294930875576,0.0,0.0,0.0
28,neg,0.003127263705642319,0.07109004739336493,0.024096385542168676,0.0,0.024096385542168676
29,neg,0.0017003673408933085,0.09202453987730062,0.04784688995215311,0.0,0.04784688995215311
30,neg,0.0017030108550795695,0.057471264367816084,0.048484848484848485,0.0,0.024242424242424242
31,neg,0.0015872161504557703,0.07640067911714772,0.020202020202020204,0.0,0.020202020202020204
32,neg,0.001980127885259436,0.07658643326039388,0.011299435028248588,0.0,0.011299435028248588
33,neg,0.0025255007305853196,0.07609668755595345,0.11814345991561183,0.0,0.0759493670886076
34,neg,0.13694792949441112,0.5597547661039725,0.0,0.0,0.0
35,neg,0.0015297204052198445,0.08024691358024691,0.008888888888888889,0.0,0.008888888888888889
36,neg,0.005743892913762844,0.06069094304388422,0.0,0.0,0.0
37,neg,0.002000522541133277,0.04162330905306972,0.0,0.0,0.0
38,neg,0.0018036724992297386,0.09803921568627451,0.0,0.0,0.0
39,neg,0.0020812381044242657,0.08411214953271028,0.07734806629834254,0.0,0.055248618784530384
40,neg,0.0018258075909734972,0.06983240223463687,0.0,0.0,0.0
41,neg,0.001727214114709527,0.07961783439490447,0.022857142857142854,0.0,0.022857142857142854
42,neg,0.003616973629754703,0.08571428571428573,0.0,0.0,0.0
43,neg,0.0015550909644796434,0.03717472118959109,0.0,0.0,0.0
44,neg,0.0013563428608155427,0.04424778761061947,0.009852216748768473,0.0,0.009852216748768473
45,neg,0.004090250403100628,0.15023950408565792,0.023529411764705885,0.0,0.023529411764705885
46,neg,0.0019125154084660256,0.044117647058823525,0.0,0.0,0.0
47,neg,0.08252811666533288,0.48001126126126126,0.011363636363636362,0.0,0.011363636363636362
48,neg,0.0015931122529171788,0.043604651162790706,0.030303030303030307,0.0,0.030303030303030307
49,neg,0.08100571014214128,0.46064481268011537,0.031578947368421054,0.0,0.031578947368421054
50,neg,0.001828319491704269,0.06711409395973156,0.02072538860103627,0.0,0.02072538860103627
51,neg,0.002617787947591995,0.06550218340611354,0.01923076923076923,0.0,0.01923076923076923
52,neg,0.001551963869934804,0.06426735218508998,0.01818181818181818,0.0,0.01818181818181818
53,neg,0.10163197043636327,0.49546264786906496,0.0,0.0,0.0
54,neg,0.0019227845596883058,0.08215962441314555,0.03375527426160337,0.0,0.02531645569620253
55,neg,0.00234100636396569,0.06986027944111776,0.02962962962962963,0.0,0.02222222222222222
56,neg,0.013470460928019007,0.26289682539682546,0.0404040404040404,0.0,0.0404040404040404
57,neg,0.0027565496400696666,0.042492917847025496,0.0,0.0,0.0
58,neg,0.0025672405984320337,0.07102272727272728,0.0,0.0,0.0
59,neg,0.00195269789001013,0.07362784471218206,0.0,0.0,0.0
60,neg,0.0021831023314895447,0.05067567567567567,0.016,0.0,0.016
61,neg,0.002613437618874767,0.0574712643678161,0.017094017094017092,0.0,0.017094017094017092
62,neg,0.002321602766117395,0.03906250000000001,0.03773584905660377,0.0,0.02830188679245283
63,neg,0.0016956217078371101,0.07142857142857144,0.0,0.0,0.0
64,neg,0.0017318585380925317,0.051210428305400374,0.027522935779816515,0.0,0.027522935779816515
65,neg,0.0027066521833154045,0.058139534883720936,0.0,0.0,0.0
66,neg,0.0022441065945409903,0.045871559633027525,0.030303030303030304,0.0,0.030303030303030304
67,neg,0.0014645842820099069,0.045248868778280556,0.027522935779816515,0.0,0.01834862385321101
68,neg,0.009700551760908666,0.2336860670194004,0.06818181818181818,0.046511627906976744,0.06818181818181818
69,neg,0.00247404012277847,0.0510204081632653,0.0,0.0,0.0
70,neg,0.0014586124212932013,0.08565310492505356,0.024489795918367346,0.0,0.024489795918367346
71,neg,0.0017003673408933085,0.07136859781696053,0.025,0.0,0.025
72,neg,0.0024248072892803013,0.04385964912280702,0.0,0.0,0.0
73,neg,0.008551241910519479,0.16635279347143755,0.023952095808383235,0.0,0.023952095808383235
74,neg,0.0022568851151607756,0.05725190839694657,0.07441860465116279,0.0,0.07441860465116279
75,neg,0.0019023748517915913,0.05752636625119846,0.02197802197802198,0.0,0.02197802197802198
76,neg,0.0021767960706000414,0.046838407494145196,0.0,0.0,0.0
77,neg,0.04052739354487624,0.32894736842105265,0.017543859649122806,0.0,0.017543859649122806
78,neg,0.21963211484924286,0.7187895941850732,0.04464285714285714,0.0,0.04464285714285714
79,neg,0.0020555229285723186,0.04761904761904763,0.05298013245033113,0.0,0.039735099337748346
80,neg,0.0019271717706714543,0.029498525073746316,0.011560693641618498,0.0,0.011560693641618498
81,neg,0.0022826355484038443,0.04261363636363637,0.0,0.0,0.0
82,neg,0.0025200776709413297,0.057971014492753624,0.015503875968992248,0.0,0.015503875968992248
83,neg,0.002161519364946383,0.08960573476702509,0.0,0.0,0.0
84,neg,0.002191060724961435,0.05249343832020998,0.05291005291005291,0.0,0.05291005291005291
85,neg,0.002159076651669302,0.11874469889737066,0.029850746268656716,0.0,0.029850746268656716
86,neg,0.0020095656111560026,0.06284916201117319,0.0,0.0,0.0
87,neg,0.002040619807954152,0.08746355685131196,0.03389830508474577,0.0,0.03389830508474577
88,neg,0.0017242329055333528,0.07575757575757576,0.0,0.0,0.0
89,neg,0.001780046814587992,0.05338078291814947,0.040540540540540536,0.0,0.040540540540540536
90,neg,0.0019826679329743484,0.04398826979472141,0.0,0.0,0.0
91,neg,0.007494276366370973,0.05025125628140704,0.041666666666666664,0.0,0.041666666666666664
92,neg,0.0024507934283695444,0.06465517241379311,0.0,0.0,0.0
93,neg,0.001660330643967304,0.0574712643678161,0.017241379310344827,0.0,0.017241379310344827
94,neg,0.002490922648930904,0.08595988538681949,0.03278688524590164,0.0,0.03278688524590164
95,neg,0.00227272387707647,0.06172839506172841,0.04651162790697674,0.0,0.031007751937984496
96,neg,0.0019571689155754085,0.053003533568904596,0.013698630136986302,0.0,0.013698630136986302
97,neg,0.056465212441456025,0.3580187416331995,0.008438818565400843,0.0,0.008438818565400843
98,neg,0.09455840258465814,0.49179112774710015,0.0,0.0,0.0
99,neg,0.0014341579643991204,0.06986027944111776,0.059574468085106386,0.0,0.05106382978723404
100,pos,0.0013196967159860038,0.03521126760563381,0.010526315789473684,0.0,0.010526315789473684
101,pos,0.16984993507465768,0.6728548997875682,0.019999999999999997,0.0,0.019999999999999997
102,pos,0.0021667483536362588,0.04629629629629631,0.027777777777777776,0.0,0.013888888888888888
103,pos,0.0021327661547589525,0.045454545454545456,0.03703703703703704,0.0,0.03703703703703704
104,pos,0.005530299700905084,0.09174311926605506,0.02985074626865672,0.0,0.02985074626865672
105,pos,0.00359154497910258,0.09756097560975611,0.0,0.0,0.0
106,pos,0.002380765499416936,0.0641025641025641,0.0,0.0,0.0
107,pos,0.002296801792830711,0.04166666666666667,0.023529411764705882,0.0,0.023529411764705882
108,pos,0.35253105705864435,0.7970107610580106,0.4725274725274725,0.4666666666666667,0.4725274725274725
109,pos,0.0022799533201064916,0.0635593220338983,0.013605442176870748,0.0,0.013605442176870748
110,pos,0.001056603672066393,0.025380710659898484,0.00909090909090909,0.0,0.00909090909090909
111,pos,0.43485910414829454,0.8101478961877855,0.4769874476987448,0.4725738396624472,0.4769874476987448
112,pos,0.0022918063815148848,0.08130081300813008,0.0,0.0,0.0
113,pos,0.001968146255985805,0.06756756756756757,0.025641025641025644,0.0,0.025641025641025644
114,pos,0.0023638038029330957,0.06600660066006601,0.0,0.0,0.0
115,pos,0.024313383896189797,0.2516778523489933,0.037037037037037035,0.0,0.037037037037037035
116,pos,0.0016383932059962985,0.04043126684636119,0.0,0.0,0.0
117,pos,0.00514409598528442,0.13821090395812505,0.09248554913294797,0.0,0.057803468208092484
118,pos,0.001853121018892732,0.05988023952095809,0.0,0.0,0.0
119,pos,0.0014168545068942778,0.07968127490039842,0.0,0.0,0.0
120,pos,0.001448300919103376,0.05277044854881268,0.04395604395604396,0.0,0.04395604395604396
121,pos,0.0015419451946457167,0.05016722408026757,0.0,0.0,0.0
122,pos,0.002283307365582545,0.05119453924914676,0.01438848920863309,0.0,0.01438848920863309
123,pos,0.0029441242789058704,0.05555555555555555,0.0,0.0,0.0
124,pos,0.0019556494575284867,0.05434782608695652,0.02484472049689441,0.0,0.02484472049689441
125,pos,0.06242741409954472,0.42446524064171126,0.020408163265306124,0.0,0.020408163265306124
126,pos,0.0029416162698911045,0.07042253521126761,0.0,0.0,0.0
127,pos,0.0013758576734430117,0.10504201680672272,0.0,0.0,0.0
128,pos,0.001576891514972002,0.04531722054380665,0.0,0.0,0.0
129,pos,0.05604677843075317,0.39840100610851603,0.1286549707602339,0.1183431952662722,0.1286549707602339
130,pos,0.1503126626124263,0.6381148950808394,0.0,0.0,0.0
131,pos,0.0016383932059962985,0.04405286343612336,0.012345679012345682,0.0,0.012345679012345682
132,pos,0.004783831192490183,0.05076142131979696,0.056338028169014086,0.0,0.04225352112676056
133,pos,0.0018404728318579383,0.08498583569405099,0.0,0.0,0.0
134,pos,0.0017022769157160483,0.056497175141242945,0.013605442176870748,0.0,0.013605442176870748
135,pos,0.0015901247847555575,0.09790209790209789,0.0,0.0,0.0
136,pos,0.0019106798200633492,0.06613756613756613,0.023809523809523808,0.0,0.023809523809523808
137,pos,0.2866746211067259,0.6754105622883905,0.0,0.0,0.0
138,pos,0.004779470871938055,0.10080645161290322,0.06289308176100629,0.0,0.025157232704402517
139,pos,0.1237268860168349,0.5913700790900206,0.013333333333333334,0.0,0.013333333333333334
140,pos,0.0022220467876655266,0.07183908045977012,0.012820512820512822,0.0,0.012820512820512822
141,pos,0.004040819125464365,0.10333014072054816,0.013071895424836602,0.0,0.013071895424836602
142,pos,0.0020116675111585816,0.06838905775075987,0.0,0.0,0.0
143,pos,0.0033864536614527344,0.08111239860950173,0.010362694300518133,0.0,0.010362694300518133
144,pos,0.001958535362585699,0.03649635036496351,0.0,0.0,0.0
145,pos,0.005731347932499674,0.13981191222570535,0.01818181818181818,0.0,0.01818181818181818
146,pos,0.005212044621503465,0.08461796246648795,0.034782608695652174,0.0,0.034782608695652174
147,pos,0.0019262933442530722,0.034013605442176874,0.0,0.0,0.0
148,pos,0.0020836165884429818,0.021008403361344536,0.020202020202020204,0.0,0.020202020202020204
149,pos,0.002728984041744943,0.05154639175257733,0.0,0.0,0.0
150,pos,0.146365796528144,0.6223974763406941,0.0684931506849315,0.0,0.0410958904109589
151,pos,0.002494582407684478,0.09981851179673322,0.03550295857988165,0.0,0.03550295857988165
152,pos,0.0022441065945409903,0.042194092827004225,0.0,0.0,0.0
153,pos,0.1191482699503743,0.5636787367094067,0.09467455621301776,0.0,0.07100591715976332
154,pos,0.2559088354075638,0.7182158868558232,0.03389830508474576,0.0,0.02259887005649718
155,pos,0.001985316399001623,0.08849557522123895,0.0125,0.0,0.0125
156,pos,0.0017284818621082806,0.04132231404958678,0.014388489208633093,0.0,0.014388489208633093
157,pos,0.003137705956894791,0.07407407407407407,0.0,0.0,0.0
158,pos,0.0018967254275021094,0.027027027027027032,0.0,0.0,0.0
159,pos,0.006874614919231696,0.0746268656716418,0.07692307692307693,0.0,0.07692307692307693
160,pos,0.002518823673692623,0.0530035335689046,0.03508771929824561,0.0,0.03508771929824561
161,pos,0.002615117268701878,0.04098360655737705,0.0,0.0,0.0
162,pos,0.0025263279615826747,0.059760956175298814,0.017699115044247787,0.0,0.017699115044247787
163,pos,0.0018292155892657845,0.04528985507246377,0.020833333333333332,0.0,0.010416666666666666
164,pos,0.0037388294107313534,0.09859154929577466,0.0,0.0,0.0
165,pos,0.08142418608349876,0.4930693069306932,0.017857142857142853,0.0,0.017857142857142853
166,pos,0.002434933277964841,0.06122448979591837,0.01754385964912281,0.0,0.01754385964912281
167,pos,0.0017550614198713736,0.1092896174863388,0.023529411764705882,0.0,0.023529411764705882
168,pos,0.0016604454093399766,0.05730659025787965,0.012269938650306749,0.0,0.012269938650306749
169,pos,0.002420614406701434,0.05181347150259068,0.04819277108433735,0.0,0.03614457831325301
170,pos,0.001604158773360751,0.03177966101694916,0.0,0.0,0.0
171,pos,0.15054477206868727,0.6141850965909885,0.10526315789473685,0.0,0.05668016194331984
172,pos,0.0023395375696551256,0.0552486187845304,0.020202020202020204,0.0,0.020202020202020204
173,pos,0.0016754936859942188,0.09920634920634923,0.011494252873563216,0.0,0.011494252873563216
174,pos,0.002914696375657095,0.07306889352818371,0.0,0.0,0.0
175,pos,0.0036176161888736213,0.09146341463414635,0.045714285714285714,0.0,0.022857142857142857
176,pos,0.0017797961322261206,0.033112582781456956,0.0,0.0,0.0
177,pos,0.002481724675849173,0.09345794392523364,0.029850746268656716,0.0,0.029850746268656716
178,pos,0.27348112336715796,0.6354051825568146,0.01492537313432836,0.0,0.01492537313432836
179,pos,0.003338629251233483,0.09641873278236915,0.0,0.0,0.0
180,pos,0.002023792894760146,0.028089887640449444,0.0,0.0,0.0
181,pos,0.0023100533424220454,0.09523809523809525,0.032,0.0,0.032
182,pos,0.0024048608093888953,0.05813953488372093,0.0,0.0,0.0
183,pos,0.1978508055176519,0.7054169497606545,0.01098901098901099,0.0,0.01098901098901099
184,pos,0.002342207406332167,0.07194244604316548,0.018518518518518517,0.0,0.018518518518518517
185,pos,0.002182952702658518,0.06872852233676977,0.0,0.0,0.0
186,pos,0.11872672594518228,0.5616155660377359,0.020833333333333336,0.0,0.020833333333333336
187,pos,0.003161446527541634,0.056818181818181816,0.0,0.0,0.0
188,pos,0.0018276470503715313,0.07326007326007326,0.014388489208633094,0.0,0.014388489208633094
189,pos,0.0019339897166611873,0.04335260115606937,0.0196078431372549,0.0,0.0196078431372549
190,pos,0.0018707552097752312,0.07306889352818373,0.0,0.0,0.0
191,pos,0.0017451173289483636,0.050761421319796954,0.04444444444444444,0.0,0.03555555555555556
192,pos,0.00281411013938584,0.04363001745200699,0.0,0.0,0.0
193,pos,0.10949612121722521,0.571162767413143,0.013513513513513513,0.0,0.013513513513513513
194,pos,0.004825983557484225,0.05597014925373136,0.0,0.0,0.0
195,pos,0.10746543789066566,0.5563954852331674,0.19999999999999998,0.1851851851851852,0.19999999999999998
196,pos,0.002096192000263189,0.06887052341597796,0.0,0.0,0.0
197,pos,0.16044809774558047,0.6655011993190963,0.014084507042253521,0.0,0.014084507042253521
198,pos,0.0018869223785547985,0.11035839160839161,0.0,0.0,0.0
199,pos,0.0025030476163733144,0.10299248523886205,0.0,0.0,0.0
